City_ID,City,Lat,Lng,Max Temp,Humidity,Cloudiness,Wind Speed,Country,Date
0,nuku'alofa,-21.1333,-175.2,295.34,73,75,4.12,TO,1698046827
1,bethel,41.3712,-73.414,280.62,76,75,3.6,US,1698046744
2,ishigaki,24.3448,124.1572,301.22,61,20,6.17,JP,1698046828
3,howard springs,-12.497,131.047,307.1,59,12,4.47,AU,1698046828
4,callao,-12.0667,-77.15,293.55,82,75,5.66,PE,1698046829
5,chonchi,-42.6128,-73.8092,277.66,97,32,1.51,CL,1698046829
6,lugoba,-6.45,38.3333,306.3,38,30,0.75,TZ,1698046829
7,menaka,15.9182,2.4022,305.19,11,5,4.41,ML,1698046830
8,saipan,15.1355,145.701,302.54,79,20,5.66,MP,1698046830
9,poshekhon'ye,58.4993,39.1353,274.45,95,100,1.68,RU,1698046831
10,pont rouge,48.8833,-72.0825,275.31,87,40,2.61,CA,1698046831
11,lorengau,-2.0226,147.2712,300.67,81,88,2.87,PG,1698046831
12,kodiak,57.79,-152.4072,275.88,52,0,5.14,US,1698046832
13,longyearbyen,78.2186,15.6401,264.06,67,0,3.09,SJ,1698046832
14,new norfolk,-42.7826,147.0587,290.33,69,4,1.78,AU,1698046833
15,bilibino,68.0546,166.4372,263.9,94,100,1.04,RU,1698046833
16,sylhet,24.5,91.6667,302.17,69,94,1.82,BD,1698046732
17,west island,-12.1568,96.8225,301.14,69,81,5.14,CC,1698046834
18,margaret river,-33.95,115.0667,288.62,50,94,7.14,AU,1698046628
19,isafjordur,66.0755,-23.124,276.17,81,100,2.06,IS,1698046835
20,ouadda,8.0777,22.4007,302.26,54,55,2.12,CF,1698046835
21,jamestown,42.097,-79.2353,276.95,87,100,2.06,US,1698046581
22,labrador city,52.9463,-66.9114,271.1,80,100,1.54,CA,1698046836
23,clocolan,-28.9137,27.5656,292.5,44,95,3.16,ZA,1698046836
24,tiksi,71.6872,128.8694,265.4,96,100,3.84,RU,1698046836
25,waitangi,-43.9535,-176.5597,281.94,78,44,1.34,NZ,1698046837
26,santa vitoria,-18.8386,-50.1214,298.43,46,93,3.63,BR,1698046837
27,touros,-5.1989,-35.4608,297.44,86,100,4.54,BR,1698046837
28,wailua homesteads,22.0669,-159.378,297.59,88,20,6.69,US,1698046838
29,porto san giorgio,43.1827,13.7934,293.15,56,2,1.02,IT,1698046838
30,udachny,66.4167,112.4,266.11,97,93,1.4,RU,1698046839
31,itoman,26.1247,127.6694,300.36,61,75,5.66,JP,1698046839
32,perugorria,-29.3413,-58.6106,294.37,96,100,5.82,AR,1698046839
33,blackmans bay,-43.0167,147.3167,289.67,64,12,1.79,AU,1698046840
34,grytviken,-54.2811,-36.5092,271.34,76,17,5.05,GS,1698046840
35,codrington,-38.2667,141.9667,286.7,64,100,3.85,AU,1698046840
36,bei'an,24.5399,109.533,300.58,55,6,0.71,CN,1698046841
37,harsefeld,53.45,9.5,280.4,95,2,2.46,DE,1698046841
38,malaga,36.7202,-4.4203,294.25,88,40,1.54,ES,1698046685
39,puerto baquerizo moreno,-0.9,-89.6,296.24,83,83,5.88,EC,1698046842
40,saint-philippe,-21.3585,55.7679,300.99,75,6,4.93,RE,1698046842
41,yellowknife,62.456,-114.3525,267.27,97,100,7.72,CA,1698046725
42,fraijanes,14.4653,-90.4408,290.19,88,100,5.14,GT,1698046843
43,alofi,-19.0595,-169.9187,297.09,88,40,3.09,NU,1698046843
44,petropavlovsk-kamchatsky,53.0452,158.6483,277.48,70,75,4.0,RU,1698046802
45,kavaratti,10.5669,72.642,301.76,68,100,2.33,IN,1698046844
46,sechura,-5.5569,-80.8222,294.03,83,36,4.88,PE,1698046844
47,edinburgh of the seven seas,-37.0676,-12.3116,285.68,72,22,4.1,SH,1698046844
48,lebu,-37.6167,-73.65,282.23,86,64,5.72,CL,1698046845
49,whangarei,-35.7317,174.3239,287.15,94,100,1.53,NZ,1698046621
50,torghay,49.6339,63.4981,278.65,44,8,5.82,KZ,1698046845
51,antofagasta,-23.65,-70.4,289.75,85,51,2.55,CL,1698046846
52,north battleford,52.7834,-108.2847,273.2,69,100,3.6,CA,1698046846
53,papatowai,-46.5619,169.4708,281.63,92,100,3.22,NZ,1698046846
54,cholpon-ata,42.6494,77.0823,289.18,63,72,0.75,KG,1698046847
55,albany,42.6001,-73.9662,279.62,80,100,3.58,US,1698046681
56,saint-pierre,-21.3393,55.4781,301.03,54,0,3.6,RE,1698046847
57,ilulissat,69.2167,-51.1,268.16,63,75,4.12,GL,1698046848
58,avarua,-21.2078,-159.775,298.18,94,40,2.06,CK,1698046848
59,hermanus,-34.4187,19.2345,292.36,67,93,5.84,ZA,1698046848
60,ghadamis,30.1337,9.5007,303.75,17,0,2.81,LY,1698046849
61,port-aux-francais,-49.35,70.2167,275.66,82,95,11.11,TF,1698046849
62,howrah,22.5892,88.3103,303.15,70,100,5.14,IN,1698046601
63,puerto aysen,-45.4,-72.7,276.58,96,3,1.36,CL,1698046850
64,ribeira grande,38.5167,-28.7,293.37,77,20,8.23,PT,1698046850
65,puerto ayora,-0.7393,-90.3518,296.0,85,78,4.79,EC,1698046851
66,adamstown,-25.066,-130.1015,295.6,83,84,5.18,PN,1698046851
67,holualoa,19.6228,-155.9522,297.06,83,0,2.06,US,1698046851
68,lichinga,-13.3128,35.2406,297.2,53,75,5.14,MZ,1698046852
69,gebeit,21.0667,36.3167,306.69,23,0,6.54,SD,1698046852
70,dossor,47.5272,52.9811,282.5,38,71,3.79,KZ,1698046852
71,gilgit,35.9221,74.3087,290.24,48,45,0.68,PK,1698046853
72,port mathurin,-19.6833,63.4167,297.94,80,9,5.54,MU,1698046853
73,lefka,35.1106,32.8506,301.49,36,0,1.54,CY,1698046853
74,cosala,24.4125,-106.6908,293.45,96,99,1.12,MX,1698046854
75,sandakan,5.8402,118.1179,304.97,66,20,4.12,MY,1698046854
76,puerto natales,-51.7236,-72.4875,273.24,95,27,1.41,CL,1698046758
77,georgetown,5.4112,100.3354,306.11,62,20,3.6,MY,1698046855
78,pyhajarvi,67.0701,27.2176,265.71,89,68,1.43,FI,1698046855
79,toliara,-23.35,43.6667,300.17,53,94,4.43,MG,1698046856
80,tateyama,34.9833,139.8667,291.44,54,44,1.12,JP,1698046856
81,iqaluit,63.7506,-68.5145,268.0,73,100,6.71,CA,1698046856
82,tura,25.5198,90.2201,300.15,71,100,1.05,IN,1698046857
83,yuzhno-kurilsk,44.0306,145.8556,282.57,66,22,5.94,RU,1698046857
84,utrik,11.2278,169.8474,300.42,79,100,4.3,MH,1698046858
85,el obeid,13.1842,30.2167,305.49,14,10,6.22,SD,1698046858
86,constantia,44.1833,28.65,294.65,48,69,3.04,RO,1698046858
87,dubbo,-32.25,148.6167,298.22,19,3,3.6,AU,1698046859
88,smithers,54.7804,-127.1743,273.33,80,100,1.54,CA,1698046859
89,bardai,11.65,7.2333,300.39,23,62,5.68,NG,1698046859
90,debark',13.1561,37.8981,289.7,56,24,1.26,ET,1698046860
91,hawaiian paradise park,19.5933,-154.9731,296.5,93,0,2.06,US,1698046860
92,uturoa,-16.7333,-151.4333,299.98,81,12,7.87,PF,1698046860
93,ushuaia,-54.8,-68.3,278.96,81,0,2.06,AR,1698046772
94,vila velha,-20.3297,-40.2925,293.12,94,100,2.06,BR,1698046861
95,san julian,21.0167,-102.1667,288.16,65,99,1.86,MX,1698046861
96,port alfred,-33.5906,26.891,291.03,74,58,4.02,ZA,1698046862
97,gracemere,-23.4333,150.45,303.1,48,28,4.63,AU,1698046618
98,maintirano,-18.0667,44.0167,302.96,64,88,6.25,MG,1698046863
99,carnarvon,-24.8667,113.6333,296.99,46,10,9.07,AU,1698046863
100,hua hin,12.5707,99.9588,304.16,70,20,3.09,TH,1698046864
101,la passe,45.5549,-0.8967,285.28,93,100,0.87,FR,1698046864
102,hasaki,35.7333,140.8333,294.42,53,84,1.08,JP,1698046865
103,rongelap,11.1635,166.8941,300.53,83,100,9.33,MH,1698046865
104,la ronge,55.1001,-105.2842,270.29,63,75,3.6,CA,1698046865
105,aalborg,57.048,9.9187,283.11,100,100,3.6,DK,1698046866
106,mejit,10.2753,170.8646,300.75,79,100,5.94,MH,1698046866
107,sala consilina,40.3912,15.5989,292.12,50,1,0.85,IT,1698046866
108,klyuchi,52.2667,79.1667,277.13,43,70,10.79,RU,1698046867
109,ain sukhna,29.6002,32.3167,299.42,59,18,2.0,EG,1698046867
110,talca,-35.4333,-71.6667,283.32,86,47,1.12,CL,1698046679
111,tazovsky,67.4667,78.7,270.95,75,98,5.5,RU,1698046868
112,muslyumovo,55.3033,53.1947,277.12,48,100,6.01,RU,1698046868
113,margate,51.3813,1.3862,288.09,85,100,1.79,GB,1698046722
114,badger,64.8,-147.5333,269.08,92,100,2.57,US,1698046869
115,olonkinbyen,70.9221,-8.7187,276.39,89,100,5.47,SJ,1698046869
116,iron river,46.0927,-88.6423,272.57,95,95,2.11,US,1698046870
117,lobujya,27.95,86.8167,270.0,66,13,3.99,NP,1698046870
118,neiafu,-18.65,-173.9833,297.55,83,100,6.8,TO,1698046870
119,vilyuchinsk,52.9306,158.4028,278.3,89,56,3.21,RU,1698046871
120,tutoia,-2.7619,-42.2744,299.19,80,97,6.64,BR,1698046871
121,mount gambier,-37.8333,140.7667,288.11,58,100,1.91,AU,1698046871
122,tongging,2.8969,98.5262,298.19,79,83,0.96,ID,1698046872
123,aasiaat,68.7098,-52.8699,261.21,83,100,2.08,GL,1698046872
124,yantzaza,-3.8278,-78.7594,291.67,97,95,0.62,EC,1698046872
125,port shepstone,-30.7414,30.455,291.73,62,27,2.0,ZA,1698046873
126,anadyr,64.75,177.4833,278.43,93,20,8.94,RU,1698046873
127,east london,-33.0153,27.9116,293.67,49,0,5.66,ZA,1698046874
128,tolanaro,-25.0319,46.9987,301.19,74,20,8.23,MG,1698046874
129,minas de marcona,-15.2119,-75.1103,287.77,92,99,4.82,PE,1698046874
130,ta`u,-14.2336,-169.5144,300.19,79,63,5.23,AS,1698046875
131,sangueya,10.7,-14.3667,298.58,91,87,0.94,GN,1698046875
132,karratha,-20.7377,116.8463,307.19,26,0,7.47,AU,1698046875
133,okhotsk,59.3833,143.3,267.93,75,12,5.76,RU,1698046876
134,tripoli,32.8752,13.1875,302.62,38,0,3.21,LY,1698046791
135,santa ana,33.7456,-117.8678,292.73,87,100,2.57,US,1698046876
136,remire-montjoly,4.9167,-52.2667,300.17,94,100,0.0,GF,1698046877
137,porto novo,6.4965,2.6036,300.79,79,100,2.08,BJ,1698046877
138,monrovia,6.3005,-10.7969,299.02,81,65,1.51,LR,1698046878
139,invercargill,-46.4,168.35,284.83,71,100,1.34,NZ,1698046878
140,tsiombe,-25.3,45.4833,304.7,27,2,4.85,MG,1698046878
141,hyesan,41.4017,128.1778,284.24,54,30,0.44,KP,1698046879
142,constitucion,-35.3333,-72.4167,282.34,90,5,3.62,CL,1698046879
143,emerald,-23.5333,148.1667,311.47,100,0,1.88,AU,1698046722
144,coquimbo,-29.9533,-71.3436,289.0,77,100,0.0,CL,1698046880
145,kingston,17.997,-76.7936,301.68,85,20,3.09,JM,1698046712
146,as sulayyil,20.4607,45.5779,304.29,22,0,3.31,SA,1698046881
147,dabola,10.75,-11.1167,296.53,87,70,0.96,GN,1698046881
148,kermanshah,34.3142,47.065,292.65,21,0,2.06,IR,1698046881
149,acarau,-2.8856,-40.12,299.36,74,100,7.08,BR,1698046882
150,santa terezinha,-29.9002,-50.0904,292.1,95,100,1.37,BR,1698046882
151,fort st. john,56.2499,-120.8529,265.09,79,100,6.17,CA,1698046882
152,luganville,-15.5333,167.1667,298.49,89,100,7.88,VU,1698046883
153,newman,37.3138,-121.0208,289.85,82,98,2.13,US,1698046883
154,punta arenas,-53.15,-70.9167,274.21,93,40,2.06,CL,1698046883
155,aktau,43.65,51.2,280.47,37,0,5.19,KZ,1698046884
156,port elizabeth,-33.918,25.5701,291.66,68,0,4.63,ZA,1698046884
157,hami,42.8,93.45,293.1,16,88,1.6,CN,1698046885
158,rio grande,-32.035,-52.0986,290.34,97,100,3.14,BR,1698046885
159,galesong,-5.3166,119.3661,301.16,67,37,6.58,ID,1698046885
160,dalaba,10.7,-12.25,291.92,87,23,0.96,GN,1698046886
161,san antonio de pale,-1.4014,5.6325,299.22,83,92,7.27,GQ,1698046886
162,grand falls-windsor,48.9332,-55.6649,277.32,90,100,2.68,CA,1698046716
163,puerto ayacucho,5.6639,-67.6236,295.3,98,100,1.9,VE,1698046887
164,bredasdorp,-34.5322,20.0403,296.0,47,98,4.81,ZA,1698046887
165,dakhla,23.6848,-15.958,294.16,94,42,3.6,EH,1698046887
166,kristiansund,63.1115,7.732,280.51,70,75,1.54,NO,1698046888
167,ciudad lazaro cardenas,17.9583,-102.2,297.71,89,100,2.08,MX,1698046888
168,gurupi,-11.7292,-49.0686,298.89,56,95,2.45,BR,1698046888
169,laguna,38.421,-121.4238,289.31,92,100,3.09,US,1698046648
170,whitehorse,60.7161,-135.0538,264.58,57,100,2.57,CA,1698046723
171,beyneu,45.3167,55.2,283.02,41,6,2.61,KZ,1698046890
172,mpulungu,-8.7623,31.1141,304.28,41,5,2.31,ZM,1698046890
173,susuman,62.7833,148.1667,259.89,98,100,0.72,RU,1698046890
174,yarmouth,41.7057,-70.2286,283.13,87,100,9.39,US,1698046891
175,vernon,50.2581,-119.2691,281.09,81,100,2.57,CA,1698046785
176,kone,-21.0595,164.8658,294.98,74,53,2.35,NC,1698046892
177,nantucket,41.2835,-70.0995,282.59,73,0,6.17,US,1698046892
178,mao,39.8885,4.2658,296.46,83,40,5.66,ES,1698046892
179,zaragoza,41.6561,-0.8773,290.38,57,75,4.63,ES,1698046893
180,soio,-6.1349,12.3689,299.0,83,100,3.19,AO,1698046893
181,florence,43.7667,11.25,291.54,92,20,1.54,IT,1698046894
182,mudon,16.2578,97.7164,302.52,70,36,1.36,MM,1698046894
183,lihue,21.9789,-159.3672,297.92,81,20,6.69,US,1698046866
184,puerto san jose,13.9256,-90.8244,297.63,90,98,2.55,GT,1698046895
185,sandnessjoen,66.0217,12.6316,275.21,75,0,1.54,NO,1698046895
186,ariquemes,-9.9133,-63.0408,297.87,59,100,1.06,BR,1698046896
187,quesnel,52.9999,-122.5029,270.43,93,0,0.0,CA,1698046896
188,tazacorte,28.629,-17.9293,293.69,56,20,2.06,ES,1698046896
189,sheksna,59.21,38.5107,274.13,93,100,1.66,RU,1698046897
190,fortuna,40.5982,-124.1573,287.55,96,100,1.54,US,1698046897
191,villa del rio,37.9795,-4.2938,293.78,81,100,0.83,ES,1698046898
192,keflavik,64.0049,-22.5624,277.39,81,75,1.03,IS,1698046898
193,palikir - national government center,6.9248,158.1611,301.56,79,40,0.0,FM,1698046898
194,kongwa,-6.2,36.4167,303.65,23,4,2.32,TZ,1698046899
195,kalemie,-5.9475,29.1947,301.77,54,48,2.7,CD,1698046899
196,cartagena del chaira,1.3349,-74.8429,295.07,99,100,0.58,CO,1698046899
197,kourou,5.1552,-52.6478,300.18,94,66,2.95,GF,1698046900
198,byumba,-1.5763,30.0675,292.26,62,27,2.59,RW,1698046900
199,shiyan,32.6475,110.7781,295.6,57,4,1.77,CN,1698046901
200,mil'kovo,55.6078,37.7956,278.23,94,100,1.73,RU,1698046901
201,saint gabriel,30.2577,-91.0993,290.94,92,0,0.0,US,1698046901
202,iskateley,67.6803,53.1512,272.54,94,100,2.9,RU,1698046902
203,rabigh,22.7986,39.0349,308.35,32,0,3.18,SA,1698046902
204,road town,18.4167,-64.6167,301.2,75,43,5.93,VG,1698046902
205,mahina,-17.5065,-149.489,299.02,65,40,2.57,PF,1698046903
206,abalak,58.1286,68.5944,274.29,56,79,5.74,RU,1698046903
207,atafu village,-8.5421,-172.5159,301.98,74,19,4.8,TK,1698046903
208,helong,42.5397,128.9972,286.44,44,1,1.66,CN,1698046904
209,bathsheba,13.2167,-59.5167,299.49,94,40,1.54,BB,1698046904
210,praya,14.9215,-23.5087,297.45,88,40,3.09,CV,1698046904
211,saudarkrokur,65.7461,-19.6394,273.4,86,55,1.16,IS,1698046905
212,ambon,-3.6954,128.1814,302.23,79,40,3.09,ID,1698046905
213,inda silase,14.1031,38.2829,297.02,41,12,4.77,ET,1698046905
214,shalqar,47.8333,59.6,279.41,51,44,2.9,KZ,1698046906
215,rosarito,32.3333,-117.0333,291.75,77,100,4.53,MX,1698046682
216,mount isa,-20.7333,139.5,310.02,9,0,2.06,AU,1698046906
217,andovoranto,-18.95,49.1,302.52,53,3,6.68,MG,1698046907
218,vadso,70.0744,29.7487,273.64,74,20,6.69,NO,1698046907
219,petauke,-14.2426,31.3253,304.82,30,12,4.35,ZM,1698046907
220,lata,40.1629,-8.3327,286.52,92,100,0.9,PT,1698046908
221,saint-joseph,-21.3667,55.6167,300.43,71,6,1.23,RE,1698046908
222,canmore,51.0834,-115.3521,275.86,80,100,3.6,CA,1698046765
223,rawson,-43.3002,-65.1023,282.97,76,100,4.16,AR,1698046909
224,san pedro pochutla,15.7333,-96.4667,296.27,78,86,1.89,MX,1698046909
225,kyren,51.6828,102.1408,285.53,51,5,0.84,RU,1698046909
226,letlhakane,-21.4167,25.5833,303.65,29,1,5.09,BW,1698046910
227,poland,44.0606,-70.3937,280.87,90,100,1.54,US,1698046910
228,khandyga,62.6667,135.6,263.84,96,98,2.0,RU,1698046910
229,aykhal,66.0,111.5,263.19,99,76,0.67,RU,1698046911
230,strelka,58.0728,93.0344,282.99,72,100,6.69,RU,1698046911
231,stanley,54.868,-1.6985,276.36,100,20,0.51,GB,1698046911
232,huarmey,-10.0681,-78.1522,292.91,91,60,4.47,PE,1698046912
233,biloela,-24.4167,150.5,302.08,41,13,7.31,AU,1698046912
234,swakopmund,-22.6833,14.5333,287.62,84,1,2.24,NA,1698046913
235,cabo san lucas,22.8909,-109.9124,300.24,81,7,1.79,MX,1698046850
236,ad dindar,13.2,34.1667,306.83,34,57,4.21,SD,1698046913
237,turkmenbasy,40.0222,52.9552,291.2,46,5,1.66,TM,1698046914
238,malanje,-9.5402,16.341,297.59,67,100,1.84,AO,1698046914
239,gonzales,30.2385,-90.9201,290.96,95,0,0.0,US,1698046881
240,flying fish cove,-10.4217,105.6791,301.97,69,75,3.6,CX,1698046915
241,mermoz boabab,14.7065,-17.4758,300.03,83,20,6.17,SN,1698046915
242,santo antonio do ica,-3.1022,-67.9397,296.95,87,100,0.97,BR,1698046915
243,orange beach,30.2944,-87.5736,293.15,48,100,0.0,US,1698046916
244,taro,-8.3862,115.28,301.15,59,88,1.55,ID,1698046916
245,colonia,50.9333,6.95,283.13,93,100,2.57,DE,1698046860
246,burang,30.25,81.1667,276.62,41,73,4.22,CN,1698046916
247,elbeuf,49.2867,1.0029,283.52,91,100,5.66,FR,1698046917
248,palmer,42.1584,-72.3287,280.72,71,20,4.12,US,1698046917
249,fale old settlement,-9.3852,-171.2468,301.66,74,14,4.91,TK,1698046918
250,al mindak,20.1588,41.2834,295.93,20,0,4.18,SA,1698046918
251,guymon,36.6828,-101.4816,290.15,77,0,5.66,US,1698046814
252,tegueste,28.5167,-16.3167,293.2,92,75,5.14,ES,1698046919
253,lompoc,34.6391,-120.4579,290.38,88,75,8.05,US,1698046919
254,necochea,-38.5473,-58.7368,286.0,96,100,2.98,AR,1698046919
255,moroni,-11.7022,43.2551,301.31,66,7,2.83,KM,1698046920
256,meadow lake,34.8014,-106.5436,292.42,38,3,5.4,US,1698046920
257,bikenibeu village,1.3673,173.1241,300.13,89,75,2.57,KI,1698046921
258,hithadhoo,-0.6,73.0833,300.4,68,38,3.42,MV,1698046921
259,thames,-37.1333,175.5333,286.25,89,51,2.92,NZ,1698046921
260,hamilton,39.1834,-84.5333,279.25,92,0,0.45,US,1698046707
261,santyoku,37.4406,129.1708,290.55,58,3,2.68,KR,1698046922
262,leava,-14.3,-178.1667,300.32,85,22,7.37,WF,1698046922
263,talnakh,69.4865,88.3972,270.49,92,85,3.32,RU,1698046923
264,xilin hot,43.9667,116.0333,287.36,23,8,5.7,CN,1698046923
265,kapuskasing,49.4169,-82.4331,271.2,93,40,2.06,CA,1698046924
266,sasni,27.7167,78.0833,303.79,27,0,3.13,IN,1698046924
267,beau vallon,-20.4189,57.6953,302.28,65,40,6.69,MU,1698046925
268,ivins,37.1686,-113.6794,293.13,32,0,0.45,US,1698046925
269,vorgashor,67.5833,63.95,264.27,91,52,2.49,RU,1698046925
270,choibalsan,48.0667,114.5,284.24,27,0,4.0,MN,1698046926
271,snina,48.9886,22.151,285.98,86,100,0.8,SK,1698046926
272,bikaner,28.0167,73.3,304.14,27,5,0.92,IN,1698046927
273,zunyi,27.6867,106.9072,292.39,66,100,1.35,CN,1698046857
274,three points,32.0767,-111.3137,296.53,37,0,3.09,US,1698046927
275,rumbek,6.802,29.6912,306.5,43,1,2.53,SS,1698046928
276,huazhou,21.6333,110.5833,300.47,74,95,3.43,CN,1698046928
277,warrenton,-28.114,24.8475,298.57,23,16,1.67,ZA,1698046929
278,okcheon,36.3012,127.568,293.68,64,17,1.99,KR,1698046929
279,nizhneangarsk,55.7833,109.55,274.41,58,44,0.26,RU,1698046929
280,la paz,-16.5,-68.15,281.8,77,40,1.54,BO,1698046930
281,haiku-pauwela,20.9219,-156.3051,297.16,84,100,3.09,US,1698046930
282,mathba,22.2855,89.9629,297.43,88,100,4.45,BD,1698046930
283,barcelos,41.5388,-8.6151,288.62,88,100,0.32,PT,1698046931
284,libreville,0.3925,9.4537,299.16,94,40,2.06,GA,1698046931
285,manokwari,-0.8667,134.0833,301.19,79,49,1.82,ID,1698046931
286,ashland,40.8167,-82.2665,273.93,98,0,0.58,US,1698046932
287,torbat-e jam,35.244,60.6225,294.49,27,12,1.55,IR,1698046932
288,murashi,59.3999,48.9615,274.31,58,34,3.3,RU,1698046932
289,al jawf,29.5,38.75,301.18,28,85,2.22,SA,1698046933
290,fort bragg,35.139,-79.006,284.16,87,0,0.0,US,1698046933
291,darwin,-12.4611,130.8418,307.14,45,0,6.17,AU,1698046691
292,saint-pol-de-leon,48.6833,-3.9833,285.47,82,0,3.09,FR,1698046934
293,meadow lakes,61.6247,-149.6011,269.37,68,75,0.0,US,1698046934
294,banda aceh,5.5577,95.3222,298.29,90,100,0.25,ID,1698046935
295,amga,60.8953,131.9608,269.48,97,100,1.36,RU,1698046935
296,nagqu,31.5,92.0,276.09,42,63,6.24,CN,1698046936
297,nizhnyaya salda,58.0776,60.7202,274.63,61,99,5.38,RU,1698046936
298,harnosand,62.6323,17.9379,273.15,96,100,2.25,SE,1698046936
299,qaqortoq,60.7167,-46.0333,275.63,63,100,1.76,GL,1698046937
300,alesund,62.4723,6.1549,281.67,76,75,3.6,NO,1698046937
301,westport,41.1415,-73.3579,281.75,76,0,4.63,US,1698046938
302,shubarshi,48.5872,57.1869,279.92,49,95,3.1,KZ,1698046938
303,pisco,-13.7,-76.2167,292.18,88,20,3.09,PE,1698046939
304,papao,-17.75,-149.55,298.97,77,52,7.36,PF,1698046939
305,milas,37.3164,27.7839,292.79,68,0,1.03,TR,1698046939
306,maun,-19.9833,23.4167,306.13,9,0,5.66,BW,1698046940
307,ko samui,9.5357,99.9357,299.1,94,75,1.03,TH,1698046940
308,baharly,38.4362,57.4316,294.29,47,0,1.81,TM,1698046940
309,coruripe,-10.1256,-36.1756,296.03,82,9,3.59,BR,1698046941
310,ust-nera,64.5667,143.2,263.74,97,100,2.22,RU,1698046941
311,idri,27.5,13.2667,302.9,14,14,3.08,LY,1698046942
312,asau,46.4333,26.4,287.66,55,100,2.34,RO,1698046942
313,maloyaroslavets,55.0146,36.4719,279.2,97,100,2.63,RU,1698046942
314,nova vicosa,-17.8919,-39.3719,296.16,76,86,3.49,BR,1698046943
315,aljezur,37.3191,-8.8033,289.9,83,100,3.35,PT,1698046943
316,nemuro,43.3236,145.575,284.26,60,14,6.44,JP,1698046943
317,bengkulu,-3.8004,102.2655,299.81,82,47,3.86,ID,1698046944
318,guaranda,-1.6,-79.0,285.43,85,100,1.85,EC,1698046944
319,argo,37.6333,22.7333,295.81,31,9,0.81,GR,1698046944
320,nar'yan-mar,67.6713,53.087,272.55,94,100,2.86,RU,1698046945
321,astara,38.5,48.6667,292.14,70,59,2.52,AZ,1698046945
322,seoni,22.0833,79.5333,300.45,34,41,5.6,IN,1698046946
323,la foa,-21.7108,165.8276,296.26,66,67,3.59,NC,1698046946
324,okha,53.5739,142.9478,275.99,64,99,7.72,RU,1698046947
325,prince rupert,54.3161,-130.3201,279.98,72,75,6.17,CA,1698046680
326,kelso,46.1468,-122.9084,286.26,93,75,0.0,US,1698046681
327,juneau,58.3019,-134.4197,272.16,79,75,4.12,US,1698046948
328,grand-bassam,5.2118,-3.7388,300.13,81,90,2.92,CI,1698046948
329,norilsk,69.3535,88.2027,270.61,90,61,3.45,RU,1698046948
330,piove di sacco-piovega,45.2975,12.0428,289.29,84,7,1.77,IT,1698046949
331,tual,-5.6667,132.75,300.22,76,11,5.54,ID,1698046949
332,tapejara,-28.0681,-52.0139,291.23,92,100,3.07,BR,1698046950
333,veraval,20.9,70.3667,305.34,42,100,2.67,IN,1698046950
334,yemetsk,63.4721,41.7941,273.91,82,49,1.74,RU,1698046950
335,kutum,14.2,24.6667,300.51,15,3,5.3,SD,1698046951
336,byford,-32.2167,116.0,295.23,46,100,9.77,AU,1698046951
337,thompson,55.7435,-97.8558,266.24,86,75,1.54,CA,1698046951
338,zeya,53.75,127.2667,275.09,58,100,1.13,RU,1698046952
339,fes,34.0372,-4.9998,291.29,88,75,2.06,MA,1698046952
340,tofol,5.3248,163.0078,303.03,74,75,1.03,FM,1698046952
341,nova sintra,14.8667,-24.7167,296.89,72,58,0.65,CV,1698046953
342,diu,20.7141,70.9822,305.96,39,85,4.39,IN,1698046953
343,lesina,41.8594,15.3527,289.63,68,4,1.58,IT,1698046953
344,mittenwald,47.4422,11.2619,283.37,68,23,2.29,DE,1698046954
345,nadym,65.5333,72.5167,272.15,91,100,7.3,RU,1698046954
346,banikoara,11.2985,2.4386,301.98,38,93,0.51,BJ,1698046954
347,naze,28.3667,129.4833,296.66,62,56,4.14,JP,1698046955
348,college,64.8569,-147.8028,269.12,90,100,2.57,US,1698046955
349,rockland,41.1668,-74.0496,281.62,74,100,0.45,US,1698046955
350,arkhangel'sk,64.5401,40.5433,275.35,64,54,3.33,RU,1698046956
351,dhidhdhoo,6.8833,73.1,300.69,73,100,2.77,MV,1698046956
352,brookings,44.3114,-96.7984,284.36,82,75,4.12,US,1698046747
353,malango,-2.9627,119.9001,296.98,87,92,0.86,ID,1698046957
354,kovdor,67.5662,30.4758,266.73,89,23,1.45,RU,1698046957
355,ancud,-41.8697,-73.8203,279.59,92,75,0.97,CL,1698046957
356,barth,54.3635,12.7249,282.62,86,53,6.19,DE,1698046958
357,isagarh,24.8333,77.8833,303.25,29,0,4.21,IN,1698046958
358,pinhao,-25.6956,-51.6597,287.49,86,100,1.59,BR,1698046959
359,birao,10.2849,22.7882,304.73,27,45,3.61,CF,1698046959
360,port blair,11.6667,92.75,302.17,79,40,2.57,IN,1698046959
361,urucurituba,-2.6833,-57.6667,296.01,97,97,1.07,BR,1698046960
362,tavda,58.0425,65.2726,274.87,49,74,5.44,RU,1698046960
363,mount pearl,47.5166,-52.7813,280.45,96,100,4.12,CA,1698046960
364,nikolayevsk-on-amure,53.1406,140.73,273.61,62,6,2.9,RU,1698046961
365,hotan,37.0997,79.9269,295.23,10,4,4.08,CN,1698046961
366,ulladulla,-35.35,150.4667,290.44,64,0,2.4,AU,1698046961
367,alice springs,-23.7,133.8833,309.9,8,27,5.66,AU,1698046962
368,malax,62.9423,21.5731,274.75,95,0,0.51,FI,1698046962
369,ustyuzhna,58.8394,36.4321,274.68,94,100,1.7,RU,1698046962
370,farnham,51.2143,-0.7959,285.06,80,0,4.12,GB,1698046963
371,roma,43.2128,-75.4557,279.72,88,100,4.63,US,1698046963
372,laranjeira,-5.2833,-38.8667,297.07,78,100,3.47,BR,1698046963
373,gadzhiyevo,69.2551,33.3362,275.64,69,100,8.51,RU,1698046964
374,saint-francois,46.4154,3.9054,282.95,88,100,5.14,FR,1698046964
375,reggane,26.7158,0.1714,303.38,22,100,5.47,DZ,1698046964
376,guerrero negro,27.9769,-114.0611,293.19,79,84,9.12,MX,1698046965
377,xinqing,48.2333,129.5,281.7,57,0,2.61,CN,1698046965
378,ban chang,12.7254,101.0553,302.92,70,20,4.12,TH,1698046965
379,egilsstadir,65.2653,-14.3948,277.1,93,100,4.12,IS,1698046966
380,igarka,67.4667,86.5833,272.12,90,88,0.64,RU,1698046966
381,bandar lampung,-5.4254,105.258,304.99,49,65,4.28,ID,1698046966
382,san luis de la loma,17.2706,-100.8939,297.63,88,99,1.98,MX,1698046967
383,richards bay,-28.783,32.0377,294.58,57,5,3.63,ZA,1698046967
384,acajutla,13.5928,-89.8275,298.25,87,63,2.34,SV,1698046968
385,vodnyy,63.5046,53.4095,273.55,64,99,5.03,RU,1698046968
386,ipatovo,45.7181,42.9036,294.46,43,38,4.32,RU,1698046968
387,columbia falls,48.3725,-114.1815,281.16,94,100,0.0,US,1698046969
388,monte alegre,-2.0078,-54.0692,298.18,85,62,2.11,BR,1698046969
389,qamdo,31.1667,97.2333,279.41,26,6,2.85,CN,1698046969
390,guane,22.2025,-84.0875,295.0,91,100,3.02,CU,1698046970
391,urucara,-2.5364,-57.76,296.06,98,100,0.96,BR,1698046970
392,buka,40.8108,69.1986,291.38,53,99,3.19,UZ,1698046970
393,hilo,19.7297,-155.09,296.62,92,0,2.06,US,1698046971
394,oriximina,-1.7656,-55.8661,297.02,91,13,0.96,BR,1698046971
395,ad dabbah,18.05,30.95,306.76,20,0,5.44,SD,1698046971
396,arroyo,41.6096,-4.7969,283.79,89,75,4.12,ES,1698046972
397,kosh-agach,50.0,88.6667,280.73,46,55,12.09,RU,1698046972
398,businga,3.3333,20.8833,303.43,61,43,0.37,CD,1698046972
399,durres,41.3231,19.4414,293.25,72,63,2.23,AL,1698046973
400,bandon,51.7469,-8.7425,284.92,95,100,3.03,IE,1698046973
401,weno,7.4515,151.8468,301.12,94,75,1.54,FM,1698046973
402,dudinka,69.4058,86.1778,270.72,96,96,2.82,RU,1698046974
403,nouadhibou,20.931,-17.0347,295.14,88,0,3.6,MR,1698046974
404,afaahiti,-17.75,-149.2833,298.08,86,23,6.49,PF,1698046974
405,at taj,24.2049,23.2857,299.1,28,0,4.05,LY,1698046975
406,enewetak,11.3474,162.3373,302.04,73,92,5.6,MH,1698046975
407,midvagur,62.0511,-7.1939,280.61,87,75,6.17,FO,1698046975
408,yaren,-0.5472,166.916,302.12,75,100,3.74,NR,1698046976
409,ribeira brava,32.65,-17.0667,292.5,73,96,3.73,PT,1698046976
410,crane,31.3974,-102.3501,294.25,66,100,7.29,US,1698046976
411,andergrove,-21.0833,149.1833,296.88,72,0,4.7,AU,1698046977
412,saint-canut,45.722,-74.0835,280.55,100,100,1.54,CA,1698046977
413,mhangura,-16.8939,30.1683,304.94,32,4,3.07,ZW,1698046978
414,quiberon,47.4841,-3.1196,287.7,85,100,2.24,FR,1698046978
415,sos'va,59.1766,61.8558,275.18,51,47,5.24,RU,1698046978
416,harper,4.375,-7.7169,299.61,83,21,3.01,LR,1698046979
417,la quiaca,-22.1024,-65.593,284.59,65,32,1.03,AR,1698046863
418,majene,-3.5403,118.9707,303.35,64,63,3.39,ID,1698046979
419,assens,55.2702,9.9008,283.09,79,94,5.54,DK,1698046980
420,bejaia,36.7559,5.0843,298.75,22,33,5.14,DZ,1698046980
421,mitu,1.1983,-70.1733,294.0,99,99,1.02,CO,1698046981
422,rundu,-17.9333,19.7667,307.27,9,0,3.35,NA,1698046931
423,novo aripuana,-5.1206,-60.3797,296.22,96,98,0.79,BR,1698046981
424,marshall,34.3834,-86.3333,287.81,63,0,2.06,US,1698046976
425,retreat,38.8245,-85.8533,279.33,70,5,2.32,US,1698046982
426,fisterra,42.9049,-9.2629,285.94,69,34,3.61,ES,1698046983
427,ormara,25.2088,64.6357,301.19,70,0,5.55,PK,1698046983
428,hammerfest,70.6634,23.6821,273.4,74,75,2.57,NO,1698046983
429,lerwick,60.1545,-1.1494,283.15,77,32,3.55,GB,1698046984
430,murun-kuren,49.6342,100.1625,286.29,30,49,2.1,MN,1698046984
431,machico,32.7,-16.7667,292.5,76,40,8.23,PT,1698046984
432,ozar,20.1,73.9333,304.88,28,100,3.11,IN,1698046985
433,kuta,-8.7233,115.1723,305.12,62,20,2.57,ID,1698046985
434,along,28.1667,94.7667,303.42,27,79,0.58,IN,1698046985
435,mont-dore,-22.2833,166.5833,297.14,82,75,4.24,NC,1698046986
436,waounde,15.2637,-12.8682,302.72,42,100,4.55,SN,1698046986
437,maceio,-9.6658,-35.7353,294.84,94,0,1.03,BR,1698046736
438,griffith,41.5284,-87.4237,280.31,94,0,2.06,US,1698046737
439,happy valley-goose bay,53.3168,-60.3315,274.32,60,100,4.63,CA,1698046987
440,la sierpe,2.8518,-77.6155,297.0,94,95,1.79,CO,1698046987
441,mersing,2.4312,103.8405,304.1,70,40,3.09,MY,1698046988
442,rio pardo de minas,-15.6097,-42.5397,292.21,83,100,3.62,BR,1698046988
443,klaksvik,62.2266,-6.589,280.66,76,35,6.55,FO,1698046989
444,pangoa,-12.1167,-73.0,293.2,85,97,1.54,PE,1698046989
445,san miguel panixtlahuaca,16.2484,-97.3843,291.16,94,59,1.47,MX,1698046989
446,marang,5.2056,103.2059,305.1,68,66,3.4,MY,1698046990
447,rikaze,29.25,88.8833,284.7,15,10,3.12,CN,1698046990
448,mutuali,-14.8706,37.0044,306.67,25,81,3.16,MZ,1698046990
449,grand-lahou,5.1367,-5.0242,299.27,89,97,2.99,CI,1698046991
450,filiatra,37.15,21.5833,296.87,68,8,1.94,GR,1698046991
451,magadan,59.5667,150.8,274.0,92,100,4.52,RU,1698046991
452,young,-32.6833,-57.6333,292.21,97,100,1.34,UY,1698046992
453,olyokminsk,60.3736,120.4264,273.82,83,100,4.99,RU,1698046992
454,vilyuysk,63.7553,121.6247,270.42,99,100,0.97,RU,1698046992
455,zambezi,-13.5432,23.1047,306.51,29,50,1.49,ZM,1698046993
456,farim,12.4839,-15.2217,297.9,91,98,1.74,GW,1698046993
457,aripuana,-9.1667,-60.6333,296.77,61,100,0.8,BR,1698046994
458,port augusta,-32.5,137.7667,302.27,12,90,7.92,AU,1698046994
459,santa marta,11.2408,-74.199,301.98,74,64,2.24,CO,1698046722
460,vorkuta,67.5,64.0,264.94,91,52,2.43,RU,1698046995
461,queenstown,-31.8976,26.8753,292.25,43,77,3.64,ZA,1698046995
462,zouerate,22.7187,-12.4521,294.64,70,22,3.3,MR,1698046996
463,port douglas,-16.4833,145.4667,297.21,66,19,1.43,AU,1698046996
464,kodinsk,58.6881,99.1844,279.13,58,96,5.44,RU,1698046996
465,nguigmi,14.2495,13.1092,303.74,19,5,7.41,NE,1698046997
466,morant bay,17.8815,-76.4093,301.94,83,59,2.98,JM,1698046997
467,nieuw amsterdam,5.8833,-55.0833,298.16,93,100,2.77,SR,1698046997
468,yuktae-dong,40.0247,128.1597,288.14,66,98,1.64,KP,1698046998
469,xinzhou,38.4092,112.7333,294.82,18,2,6.18,CN,1698046998
470,osorno,-40.5667,-73.15,275.51,100,20,0.0,CL,1698046999
471,polyarnyy,69.1989,33.4478,275.69,71,100,8.38,RU,1698046999
472,qulsary,46.9531,54.0198,282.4,38,56,3.09,KZ,1698046999
473,kalaleh,37.3807,55.4916,295.93,53,0,2.06,IR,1698047000
474,santa cruz,-17.8,-63.1667,299.85,54,8,3.6,BO,1698047000
475,rawlins,41.7911,-107.2387,280.09,49,0,0.0,US,1698047000
476,antsiranana,-12.2787,49.2917,302.57,54,40,4.12,MG,1698047001
477,licata,37.1071,13.9461,298.65,54,0,3.8,IT,1698047001
478,dazhou,31.2159,107.5009,294.68,59,81,0.9,CN,1698047001
479,ascencion,31.1,-107.9833,293.19,42,2,3.83,MX,1698047002
480,sparti,37.0733,22.4297,295.9,34,8,0.62,GR,1698047002
481,astoria,46.1879,-123.8313,287.09,93,100,4.63,US,1698047002
482,usogorsk,63.4106,48.6872,273.11,67,100,4.43,RU,1698047003
483,bonthe,7.5264,-12.505,299.96,81,88,1.47,SL,1698047003
484,salida,37.7058,-121.0849,289.9,88,20,2.57,US,1698047003
485,angra dos reis,-23.0067,-44.3181,292.99,90,36,0.62,BR,1698047004
486,kaa-khem,51.6833,94.7333,284.88,42,100,1.95,RU,1698046846
487,i-n-salah,27.1935,2.4607,304.16,19,14,5.82,DZ,1698047004
488,pacific grove,36.6177,-121.9166,289.21,94,75,3.09,US,1698046957
489,zuyevka,58.405,51.1335,275.17,58,95,4.23,RU,1698047005
490,alma,48.5501,-71.6491,278.21,84,98,2.19,CA,1698046837
491,lupane,-18.9315,27.807,306.75,26,29,2.8,ZW,1698047006
492,omsk,55.0,73.4,273.09,80,75,9.0,RU,1698047006
493,yeppoon,-23.1333,150.7333,303.03,75,2,7.54,AU,1698047006
494,nuuk,64.1835,-51.7216,269.49,80,3,6.17,GL,1698047007
495,zaltan,32.947,11.8665,302.84,27,0,4.84,LY,1698047007
496,kirakira,-10.4544,161.9205,299.3,83,97,1.27,SB,1698047007
497,luderitz,-26.6481,15.1594,291.89,66,0,1.96,NA,1698047008
498,bamboo flat,11.7,92.7167,302.2,79,40,2.57,IN,1698047008
499,port lincoln,-34.7333,135.8667,295.33,46,77,6.6,AU,1698047009
500,ario de rosales,19.2,-101.7167,286.76,95,100,1.33,MX,1698047001
501,mizan teferi,6.9833,35.5833,296.37,72,81,0.78,ET,1698047009
502,al bawiti,28.3492,28.8659,297.96,58,1,4.15,EG,1698047010
503,killeen,31.1171,-97.7278,296.64,85,100,6.17,US,1698047010
504,zyryanskoye,56.8306,86.6258,276.21,95,100,9.39,RU,1698047010
505,ocean shores,46.9737,-124.1563,285.94,86,100,1.79,US,1698047011
506,concepcion del oro,24.6333,-101.4167,289.54,67,58,1.39,MX,1698047011
507,atlantic beach,30.3344,-81.3987,294.16,80,0,2.06,US,1698047011
508,ventspils,57.3894,21.5606,282.11,100,100,2.06,LV,1698047012
509,manay,7.215,126.5397,301.51,78,77,1.03,PH,1698047012
510,horta,38.5333,-28.6333,292.95,80,75,6.71,PT,1698047012
511,loiza,18.4313,-65.8802,299.9,92,27,4.02,PR,1698047013
512,savannakhet,16.566,104.751,305.16,45,75,2.06,LA,1698047013
513,rock springs,41.5875,-109.2029,284.84,35,0,3.09,US,1698046787
514,st. john's,47.5649,-52.7093,280.91,96,100,4.12,CA,1698046874
515,strezhevoy,60.7333,77.5889,273.98,68,90,5.82,RU,1698047014
516,bada,51.392,109.8717,281.73,54,64,2.19,RU,1698047015
517,kumertau,52.7667,55.7833,276.86,54,95,5.75,RU,1698047015
518,havre,49.5833,0.3333,284.02,82,0,5.14,FR,1698047015
519,beaufort west,-32.3567,22.583,295.62,31,62,3.79,ZA,1698047016
520,kruisfontein,-34.0033,24.7314,293.87,48,58,2.76,ZA,1698047016
521,kampene,-3.6,26.6667,301.92,62,100,1.01,CD,1698047016
522,parun,35.4207,70.9221,281.72,49,10,0.74,AF,1698047017
523,moab,38.5733,-109.5498,291.18,29,12,3.81,US,1698047017
524,sarkand,45.41,79.9186,283.96,82,100,6.02,KZ,1698047017
525,mazamari,-11.3258,-74.5308,293.98,85,90,0.93,PE,1698047018
526,karagandy,49.8019,73.1021,271.12,42,6,7.86,KZ,1698047018
527,kyjov,49.0102,17.1225,289.95,61,100,0.82,CZ,1698047018
528,geraldton,-28.7667,114.6,295.38,46,4,10.29,AU,1698047019
529,castillos,-34.1667,-53.8333,291.17,99,100,1.66,UY,1698047019
530,kijang,35.2442,129.2139,293.0,45,0,3.46,KR,1698047019
531,taroa,8.7058,171.2275,301.24,75,100,6.36,MH,1698047020
532,pau brasil,-15.4642,-39.6511,292.38,99,66,0.76,BR,1698047020
533,ceeldheer,3.8488,47.1806,303.41,64,17,5.47,SO,1698047020
534,tommot,58.9564,126.2925,273.59,84,98,3.96,RU,1698047021
535,kalmunai,7.4167,81.8167,300.27,77,100,3.49,LK,1698047021
536,north bay,46.3168,-79.4663,274.32,88,0,2.06,CA,1698047022
537,perote,19.5667,-97.2333,285.0,91,100,2.2,MX,1698047022
538,dubti,11.7361,41.0853,306.73,28,6,2.09,ET,1698047022
539,sao vicente,-23.9631,-46.3919,296.25,26,28,1.2,BR,1698047023
540,emiliano zapata,18.8333,-99.1833,295.74,64,100,0.37,MX,1698047023
541,loncoche,-39.3667,-72.6333,277.94,96,17,0.1,CL,1698047023
542,ulan bator,47.9077,106.8832,285.22,26,0,5.0,MN,1698047024
543,kudahuvadhoo,2.6708,72.8944,300.64,73,99,4.05,MV,1698047024
544,cidade velha,14.9167,-23.6167,297.41,88,40,3.09,CV,1698047024
545,wewak,-3.5534,143.6268,301.33,79,73,2.58,PG,1698047025
546,santa maria,-29.6842,-53.8069,293.36,97,100,1.69,BR,1698047025
547,mili,6.0815,171.735,302.03,74,98,5.74,MH,1698047025
548,metu,8.3,35.5833,295.09,75,99,0.85,ET,1698047026
549,namibe,-15.1961,12.1522,298.47,64,10,3.52,AO,1698047026
550,san jose del guaviare,2.5729,-72.6459,294.28,99,97,0.13,CO,1698047026
551,omuo-ekiti,7.7583,5.7223,297.21,89,100,2.06,NG,1698047027
552,diglur,18.55,77.6,303.85,36,69,4.05,IN,1698047027
553,ajaccio,42.0,8.9167,288.18,59,0,4.12,FR,1698046758
554,eraan,9.0629,117.7016,301.76,76,100,0.85,PH,1698047028
555,mengibar,37.9701,-3.7965,293.0,76,100,0.97,ES,1698047028
556,castelo do piaui,-5.3222,-41.5525,298.44,65,100,3.35,BR,1698047028
557,vila franca do campo,37.7167,-25.4333,291.38,99,51,2.97,PT,1698047029
558,camabatela,-8.1881,15.375,297.11,65,99,0.46,AO,1698047029
559,isangel,-19.55,169.2667,296.14,82,100,6.77,VU,1698047030
560,sao joao da barra,-21.6403,-41.0511,294.49,80,94,3.84,BR,1698047030
561,labytnangi,66.6572,66.4183,268.75,84,90,3.27,RU,1698047030
562,costa rica,-23.4167,-54.65,294.26,57,10,3.55,BR,1698047031
563,arcachon,44.5875,-1.0519,285.6,94,100,0.0,FR,1698047031
564,lhuentse,27.6679,91.1839,297.64,26,25,3.54,BT,1698047031
565,north bend,43.4065,-124.2243,287.55,94,100,3.6,US,1698047032
566,lazaro cardenas,17.9583,-102.2,297.71,89,100,2.08,MX,1698047032
567,pierre,44.3683,-100.351,282.51,79,0,4.12,US,1698047032
568,ugoofaaru,5.6667,73.0,300.71,77,99,3.65,MV,1698047033
569,la'ie,21.6477,-157.9253,299.51,76,42,2.77,US,1698047033
570,acapulco de juarez,16.8634,-99.8901,299.05,89,40,3.09,MX,1698046939
571,taghazout,30.5426,-9.7112,291.58,79,57,2.64,MA,1698047034
572,muisne,0.6,-80.0333,298.02,85,100,2.17,EC,1698047035
